Name,Phone,Region,PreferredLanguage
Farmer_1,8904985309,Maharashtra,English
Farmer_2,9876592095,Uttar Pradesh,Punjabi
Farmer_3,9876534684,Tamil Nadu,Tamil
Farmer_4,9876591424,Punjab,Punjabi
Farmer_5,9876560094,Uttar Pradesh,English
Farmer_6,9876576612,Rajasthan,English
Farmer_7,9876520737,Uttar Pradesh,Hindi
Farmer_8,9876598280,Maharashtra,Punjabi
Farmer_9,9876530222,Punjab,Punjabi
Farmer_10,9876529221,Rajasthan,Hindi
Farmer_11,9876591140,Uttar Pradesh,English
Farmer_12,9876599198,Punjab,Punjabi
Farmer_13,9876559138,Maharashtra,English
Farmer_14,9876563693,Uttar Pradesh,Hindi
Farmer_15,9876526176,Punjab,Punjabi
Farmer_16,9876575332,Punjab,Punjabi
Farmer_17,9876582637,Uttar Pradesh,Tamil
Farmer_18,9876530734,Rajasthan,Punjabi
Farmer_19,9876548844,Rajasthan,Tamil
Farmer_20,9876528161,Maharashtra,Hindi
Farmer_21,9876599418,Uttar Pradesh,Hindi
Farmer_22,9876527835,Tamil Nadu,Hindi
Farmer_23,9876574936,Punjab,Punjabi
Farmer_24,9876513712,Tamil Nadu,Hindi
Farmer_25,9876566640,Rajasthan,Tamil
Farmer_26,9876544812,Punjab,English
Farmer_27,9876537218,Rajasthan,Tamil
Farmer_28,9876568808,Rajasthan,Punjabi
Farmer_29,9876590715,Maharashtra,Hindi
Farmer_30,9876521171,Punjab,Hindi
Farmer_31,9876562102,Punjab,Hindi
Farmer_32,9876560534,Rajasthan,English
Farmer_33,9876535140,Maharashtra,Tamil
Farmer_34,9876530819,Uttar Pradesh,Tamil
Farmer_35,9876526342,Tamil Nadu,Punjabi
Farmer_36,9876561992,Maharashtra,Tamil
Farmer_37,9876596884,Maharashtra,Punjabi
Farmer_38,9876532506,Punjab,English
Farmer_39,9876544737,Punjab,Tamil
Farmer_40,9876545471,Tamil Nadu,Hindi
Farmer_41,9876553023,Tamil Nadu,English
Farmer_42,9876594953,Uttar Pradesh,Tamil
Farmer_43,9876552080,Tamil Nadu,English
Farmer_44,9876552362,Punjab,Tamil
Farmer_45,9876563088,Tamil Nadu,Punjabi
Farmer_46,9876516157,Tamil Nadu,Tamil
Farmer_47,9876582338,Maharashtra,Hindi
Farmer_48,9876559745,Punjab,English
Farmer_49,9876569057,Tamil Nadu,English
Farmer_50,9876526313,Punjab,Hindi
Farmer_51,9876575222,Maharashtra,Hindi
Farmer_52,9876521921,Uttar Pradesh,Hindi
Farmer_53,9876565054,Maharashtra,English
Farmer_54,9876514625,Maharashtra,Punjabi
Farmer_55,9876514875,Maharashtra,Hindi
Farmer_56,9876515551,Uttar Pradesh,Tamil
Farmer_57,9876561951,Uttar Pradesh,Punjabi
Farmer_58,9876591616,Rajasthan,Tamil
Farmer_59,9876541923,Punjab,English
Farmer_60,9876529009,Uttar Pradesh,Punjabi
Farmer_61,9876555843,Tamil Nadu,Hindi
Farmer_62,9876564000,Rajasthan,English
Farmer_63,9876565911,Rajasthan,English
Farmer_64,9876591308,Tamil Nadu,Tamil
Farmer_65,9876523877,Tamil Nadu,Punjabi
Farmer_66,9876597183,Uttar Pradesh,Tamil
Farmer_67,9876545512,Uttar Pradesh,English
Farmer_68,9876541086,Maharashtra,Punjabi
Farmer_69,9876573300,Maharashtra,Tamil
Farmer_70,9876547234,Rajasthan,Punjabi
Farmer_71,9876549613,Punjab,Tamil
Farmer_72,9876536813,Rajasthan,Tamil
Farmer_73,9876578160,Maharashtra,English
Farmer_74,9876566865,Tamil Nadu,Tamil
Farmer_75,9876575367,Uttar Pradesh,Hindi
Farmer_76,9876517691,Uttar Pradesh,Tamil
Farmer_77,9876548040,Punjab,English
Farmer_78,9876592928,Punjab,Hindi
Farmer_79,9876585396,Tamil Nadu,English
Farmer_80,9876563687,Maharashtra,Hindi
Farmer_81,9876521036,Tamil Nadu,Punjabi
Farmer_82,9876532934,Rajasthan,Punjabi
Farmer_83,9876574253,Maharashtra,Tamil
Farmer_84,9876545570,Uttar Pradesh,English
Farmer_85,9876536716,Rajasthan,Punjabi
Farmer_86,9876558803,Rajasthan,Tamil
Farmer_87,9876599910,Maharashtra,Tamil
Farmer_88,9876542215,Uttar Pradesh,Punjabi
Farmer_89,9876599753,Uttar Pradesh,Punjabi
Farmer_90,9876579709,Tamil Nadu,Tamil
Farmer_91,9876598740,Maharashtra,Tamil
Farmer_92,9876560960,Punjab,Punjabi
Farmer_93,9876541300,Maharashtra,Tamil
Farmer_94,9876596240,Tamil Nadu,Tamil
Farmer_95,9876519146,Rajasthan,Punjabi
Farmer_96,9876564408,Maharashtra,Tamil
Farmer_97,9876542465,Tamil Nadu,Tamil
Farmer_98,9876524213,Uttar Pradesh,English
Farmer_99,9876539809,Tamil Nadu,English
Farmer_100,9876569485,Punjab,Hindi
Farmer_101,9876599645,Uttar Pradesh,English
Farmer_102,9876540575,Uttar Pradesh,English
Farmer_103,9876589965,Uttar Pradesh,English
Farmer_104,9876528746,Tamil Nadu,Punjabi
Farmer_105,9876563290,Maharashtra,Punjabi
Farmer_106,9876592593,Maharashtra,Tamil
Farmer_107,9876528718,Tamil Nadu,English
Farmer_108,9876529658,Tamil Nadu,English
Farmer_109,9876581348,Uttar Pradesh,Punjabi
Farmer_110,9876532347,Tamil Nadu,Punjabi
Farmer_111,9876594658,Uttar Pradesh,English
Farmer_112,9876536639,Punjab,Punjabi
Farmer_113,9876596720,Tamil Nadu,Punjabi
Farmer_114,9876580298,Tamil Nadu,Tamil
Farmer_115,9876563973,Tamil Nadu,Tamil
Farmer_116,9876561392,Tamil Nadu,Hindi
Farmer_117,9876569023,Rajasthan,Punjabi
Farmer_118,9876565957,Tamil Nadu,English
Farmer_119,9876535903,Rajasthan,Punjabi
Farmer_120,9876594971,Punjab,Hindi
Farmer_121,9876527350,Uttar Pradesh,Tamil
Farmer_122,9876590069,Punjab,Tamil
Farmer_123,9876517926,Rajasthan,Tamil
Farmer_124,9876514032,Tamil Nadu,Hindi
Farmer_125,9876577831,Rajasthan,Punjabi
Farmer_126,9876563258,Rajasthan,Punjabi
Farmer_127,9876553762,Rajasthan,Hindi
Farmer_128,9876521654,Uttar Pradesh,Punjabi
Farmer_129,9876533962,Punjab,English
Farmer_130,9876576686,Rajasthan,Tamil
Farmer_131,9876552046,Uttar Pradesh,Tamil
Farmer_132,9876565399,Maharashtra,Tamil
Farmer_133,9876586497,Maharashtra,Tamil
Farmer_134,9876598567,Rajasthan,English
Farmer_135,9876526244,Tamil Nadu,Punjabi
Farmer_136,9876525741,Punjab,English
Farmer_137,9876593003,Maharashtra,Tamil
Farmer_138,9876574508,Maharashtra,Tamil
Farmer_139,9876553609,Rajasthan,Tamil
Farmer_140,9876573177,Rajasthan,Punjabi
Farmer_141,9876535688,Rajasthan,English
Farmer_142,9876549861,Tamil Nadu,Punjabi
Farmer_143,9876584073,Punjab,English
Farmer_144,9876519490,Tamil Nadu,English
Farmer_145,9876562607,Punjab,Tamil
Farmer_146,9876542830,Rajasthan,Hindi
Farmer_147,9876581045,Uttar Pradesh,Hindi
Farmer_148,9876545639,Maharashtra,Hindi
Farmer_149,9876555963,Maharashtra,Hindi
Farmer_150,9876574222,Uttar Pradesh,Tamil
Farmer_151,9876589415,Uttar Pradesh,Tamil
Farmer_152,9876589676,Punjab,Hindi
Farmer_153,9876580207,Uttar Pradesh,Punjabi
Farmer_154,9876568256,Punjab,Hindi
Farmer_155,9876580774,Uttar Pradesh,Punjabi
Farmer_156,9876540084,Rajasthan,Tamil
Farmer_157,9876540260,Uttar Pradesh,Hindi
Farmer_158,9876525134,Maharashtra,Punjabi
Farmer_159,9876520629,Maharashtra,English
Farmer_160,9876532699,Maharashtra,English
Farmer_161,9876513122,Rajasthan,Tamil
Farmer_162,9876525896,Maharashtra,Tamil
Farmer_163,9876569304,Tamil Nadu,Hindi
Farmer_164,9876573776,Maharashtra,English
Farmer_165,9876523118,Tamil Nadu,Punjabi
Farmer_166,9876576958,Uttar Pradesh,Tamil
Farmer_167,9876561611,Tamil Nadu,English
Farmer_168,9876563534,Uttar Pradesh,Tamil
Farmer_169,9876522008,Uttar Pradesh,Punjabi
Farmer_170,9876538488,Rajasthan,Tamil
Farmer_171,9876517749,Tamil Nadu,Tamil
Farmer_172,9876530253,Maharashtra,English
Farmer_173,9876557067,Rajasthan,English
Farmer_174,9876577718,Maharashtra,Tamil
Farmer_175,9876515168,Tamil Nadu,Punjabi
Farmer_176,9876571371,Punjab,Punjabi
Farmer_177,9876576837,Rajasthan,Hindi
Farmer_178,9876555169,Uttar Pradesh,Hindi
Farmer_179,9876548336,Maharashtra,Tamil
Farmer_180,9876515313,Rajasthan,English
Farmer_181,9876590260,Tamil Nadu,Tamil
Farmer_182,9876593482,Maharashtra,Tamil
Farmer_183,9876528230,Maharashtra,English
Farmer_184,9876596478,Rajasthan,Hindi
Farmer_185,9876564280,Uttar Pradesh,Punjabi
Farmer_186,9876526311,Uttar Pradesh,English
Farmer_187,9876547683,Rajasthan,Hindi
Farmer_188,9876529961,Tamil Nadu,English
Farmer_189,9876515844,Punjab,Punjabi
Farmer_190,9876543402,Uttar Pradesh,English
Farmer_191,9876535028,Rajasthan,Tamil
Farmer_192,9876594990,Rajasthan,Punjabi
Farmer_193,9876534360,Maharashtra,Punjabi
Farmer_194,9876560318,Tamil Nadu,Hindi
Farmer_195,9876552693,Uttar Pradesh,Hindi
Farmer_196,9876525432,Tamil Nadu,Tamil
Farmer_197,9876556486,Maharashtra,English
Farmer_198,9876560000,Rajasthan,Tamil
Farmer_199,9876558856,Punjab,Hindi
Farmer_200,9876555673,Maharashtra,Hindi
Farmer_201,9876532115,Rajasthan,English
Farmer_202,9876578308,Tamil Nadu,Hindi
Farmer_203,9876531631,Tamil Nadu,Tamil
Farmer_204,9876513041,Tamil Nadu,English
Farmer_205,9876546655,Uttar Pradesh,Punjabi
Farmer_206,9876530377,Rajasthan,Tamil
Farmer_207,9876593113,Tamil Nadu,Tamil
Farmer_208,9876563781,Rajasthan,Tamil
Farmer_209,9876536488,Maharashtra,Hindi
Farmer_210,9876571322,Rajasthan,Tamil
Farmer_211,9876588289,Tamil Nadu,Punjabi
Farmer_212,9876541320,Punjab,Tamil
Farmer_213,9876529104,Punjab,Punjabi
Farmer_214,9876515606,Maharashtra,Tamil
Farmer_215,9876531984,Tamil Nadu,Hindi
Farmer_216,9876562714,Uttar Pradesh,Tamil
Farmer_217,9876534294,Punjab,English
Farmer_218,9876598604,Maharashtra,Punjabi
Farmer_219,9876563617,Rajasthan,Punjabi
Farmer_220,9876592659,Tamil Nadu,Tamil
Farmer_221,9876544741,Rajasthan,Hindi
Farmer_222,9876562149,Rajasthan,Hindi
Farmer_223,9876522261,Uttar Pradesh,Hindi
Farmer_224,9876549242,Maharashtra,Hindi
Farmer_225,9876560403,Uttar Pradesh,Tamil
Farmer_226,9876565255,Rajasthan,Hindi
Farmer_227,9876596788,Uttar Pradesh,Hindi
Farmer_228,9876523419,Tamil Nadu,English
Farmer_229,9876521234,Rajasthan,Hindi
Farmer_230,9876532475,Uttar Pradesh,Punjabi
Farmer_231,9876531941,Rajasthan,Tamil
Farmer_232,9876554415,Maharashtra,Hindi
Farmer_233,9876521500,Maharashtra,English
Farmer_234,9876527229,Tamil Nadu,Tamil
Farmer_235,9876551088,Maharashtra,Tamil
Farmer_236,9876535910,Punjab,English
Farmer_237,9876534694,Tamil Nadu,Hindi
Farmer_238,9876523652,Rajasthan,Tamil
Farmer_239,9876561833,Tamil Nadu,Tamil
Farmer_240,9876535043,Maharashtra,English
Farmer_241,9876587221,Uttar Pradesh,Hindi
Farmer_242,9876534683,Tamil Nadu,Hindi
Farmer_243,9876585721,Maharashtra,English
Farmer_244,9876548668,Tamil Nadu,Tamil
Farmer_245,9876551587,Punjab,Punjabi
Farmer_246,9876599888,Uttar Pradesh,Punjabi
Farmer_247,9876580297,Uttar Pradesh,Hindi
Farmer_248,9876534184,Tamil Nadu,English
Farmer_249,9876534063,Rajasthan,Tamil
Farmer_250,9876544845,Punjab,Hindi
Farmer_251,9876554643,Tamil Nadu,Tamil
Farmer_252,9876524398,Punjab,Hindi
Farmer_253,9876561663,Punjab,Hindi
Farmer_254,9876563978,Uttar Pradesh,Punjabi
Farmer_255,9876592659,Rajasthan,Tamil
Farmer_256,9876518575,Uttar Pradesh,Tamil
Farmer_257,9876587666,Rajasthan,English
Farmer_258,9876584871,Rajasthan,Punjabi
Farmer_259,9876552463,Uttar Pradesh,English
Farmer_260,9876556905,Punjab,English
Farmer_261,9876547632,Tamil Nadu,English
Farmer_262,9876518789,Rajasthan,Hindi
Farmer_263,9876516580,Uttar Pradesh,Tamil
Farmer_264,9876570688,Maharashtra,Punjabi
Farmer_265,9876533987,Uttar Pradesh,Hindi
Farmer_266,9876596392,Rajasthan,Tamil
Farmer_267,9876577725,Rajasthan,Hindi
Farmer_268,9876598791,Uttar Pradesh,Tamil
Farmer_269,9876557627,Rajasthan,English
Farmer_270,9876514807,Tamil Nadu,English
Farmer_271,9876560811,Tamil Nadu,English
Farmer_272,9876547748,Uttar Pradesh,Tamil
Farmer_273,9876514824,Rajasthan,Hindi
Farmer_274,9876569373,Uttar Pradesh,English
Farmer_275,9876565967,Tamil Nadu,Tamil
Farmer_276,9876543607,Maharashtra,English
Farmer_277,9876562072,Punjab,Punjabi
Farmer_278,9876589231,Tamil Nadu,Tamil
Farmer_279,9876555113,Punjab,Tamil
Farmer_280,9876543162,Rajasthan,Tamil
Farmer_281,9876547029,Rajasthan,Punjabi
Farmer_282,9876532890,Punjab,Tamil
Farmer_283,9876552081,Rajasthan,English
Farmer_284,9876529459,Rajasthan,Punjabi
Farmer_285,9876554052,Tamil Nadu,English
Farmer_286,9876550820,Tamil Nadu,Hindi
Farmer_287,9876534106,Rajasthan,English
Farmer_288,9876560178,Punjab,Tamil
Farmer_289,9876539045,Uttar Pradesh,Tamil
Farmer_290,9876537311,Punjab,Tamil
Farmer_291,9876517853,Tamil Nadu,Punjabi
Farmer_292,9876594850,Rajasthan,Punjabi
Farmer_293,9876561121,Uttar Pradesh,Punjabi
Farmer_294,9876563077,Maharashtra,Hindi
Farmer_295,9876579644,Punjab,English
Farmer_296,9876598476,Uttar Pradesh,Tamil
Farmer_297,9876581075,Maharashtra,Hindi
Farmer_298,9876510051,Tamil Nadu,English
Farmer_299,9876510645,Uttar Pradesh,Tamil
Farmer_300,9876587614,Uttar Pradesh,Punjabi
Farmer_301,9876583847,Punjab,Punjabi
Farmer_302,9876590439,Tamil Nadu,Punjabi
Farmer_303,9876546282,Uttar Pradesh,English
Farmer_304,9876512639,Rajasthan,Punjabi
Farmer_305,9876536457,Maharashtra,Tamil
Farmer_306,9876547996,Rajasthan,Punjabi
Farmer_307,9876592339,Rajasthan,Hindi
Farmer_308,9876517471,Maharashtra,English
Farmer_309,9876594465,Uttar Pradesh,Hindi
Farmer_310,9876550707,Uttar Pradesh,Punjabi
Farmer_311,9876564406,Punjab,English
Farmer_312,9876593519,Rajasthan,Hindi
Farmer_313,9876573395,Punjab,English
Farmer_314,9876511780,Rajasthan,Tamil
Farmer_315,9876528695,Maharashtra,English
Farmer_316,9876573215,Punjab,Punjabi
Farmer_317,9876565922,Punjab,Punjabi
Farmer_318,9876558675,Maharashtra,Tamil
Farmer_319,9876548637,Uttar Pradesh,Punjabi
Farmer_320,9876552575,Rajasthan,English
Farmer_321,9876592188,Tamil Nadu,Hindi
Farmer_322,9876574135,Tamil Nadu,Punjabi
Farmer_323,9876569591,Punjab,Tamil
Farmer_324,9876561737,Tamil Nadu,English
Farmer_325,9876589435,Tamil Nadu,Hindi
Farmer_326,9876592430,Tamil Nadu,Hindi
Farmer_327,9876596751,Punjab,Punjabi
Farmer_328,9876518863,Maharashtra,Hindi
Farmer_329,9876570743,Tamil Nadu,Hindi
Farmer_330,9876597996,Punjab,English
Farmer_331,9876553223,Rajasthan,English
Farmer_332,9876516675,Tamil Nadu,Hindi
Farmer_333,9876593366,Rajasthan,English
Farmer_334,9876570018,Rajasthan,Tamil
Farmer_335,9876510282,Tamil Nadu,Hindi
Farmer_336,9876561967,Rajasthan,Hindi
Farmer_337,9876566040,Uttar Pradesh,English
Farmer_338,9876580129,Tamil Nadu,Punjabi
Farmer_339,9876527293,Uttar Pradesh,Hindi
Farmer_340,9876542415,Uttar Pradesh,English
Farmer_341,9876559257,Tamil Nadu,Hindi
Farmer_342,9876511972,Rajasthan,Punjabi
Farmer_343,9876597789,Uttar Pradesh,English
Farmer_344,9876512894,Punjab,Tamil
Farmer_345,9876548207,Tamil Nadu,English
Farmer_346,9876567864,Maharashtra,Hindi
Farmer_347,9876514380,Tamil Nadu,Hindi
Farmer_348,9876578132,Punjab,Hindi
Farmer_349,9876589492,Punjab,Tamil
Farmer_350,9876510143,Maharashtra,Punjabi
Farmer_351,9876587761,Punjab,Punjabi
Farmer_352,9876516664,Uttar Pradesh,Hindi
Farmer_353,9876592069,Maharashtra,Punjabi
Farmer_354,9876575547,Uttar Pradesh,Punjabi
Farmer_355,9876584416,Maharashtra,Tamil
Farmer_356,9876521037,Rajasthan,Punjabi
Farmer_357,9876566082,Maharashtra,Punjabi
Farmer_358,9876548889,Maharashtra,Tamil
Farmer_359,9876563733,Rajasthan,Punjabi
Farmer_360,9876569761,Maharashtra,English
Farmer_361,9876537311,Punjab,English
Farmer_362,9876590328,Uttar Pradesh,Hindi
Farmer_363,9876534843,Maharashtra,Punjabi
Farmer_364,9876563857,Tamil Nadu,English
Farmer_365,9876555003,Rajasthan,Punjabi
Farmer_366,9876549183,Punjab,English
Farmer_367,9876512836,Tamil Nadu,Tamil
Farmer_368,9876527092,Uttar Pradesh,English
Farmer_369,9876556064,Rajasthan,Tamil
Farmer_370,9876565431,Rajasthan,Tamil
Farmer_371,9876584767,Punjab,English
Farmer_372,9876517963,Rajasthan,Punjabi
Farmer_373,9876527447,Tamil Nadu,Tamil
Farmer_374,9876533292,Tamil Nadu,Tamil
Farmer_375,9876587845,Tamil Nadu,Punjabi
Farmer_376,9876591575,Punjab,Tamil
Farmer_377,9876561059,Rajasthan,English
Farmer_378,9876579470,Maharashtra,Tamil
Farmer_379,9876593922,Uttar Pradesh,Hindi
Farmer_380,9876529062,Rajasthan,Tamil
Farmer_381,9876556533,Punjab,Tamil
Farmer_382,9876513719,Punjab,English
Farmer_383,9876534676,Rajasthan,English
Farmer_384,9876575163,Rajasthan,Hindi
Farmer_385,9876595901,Uttar Pradesh,Hindi
Farmer_386,9876514433,Tamil Nadu,English
Farmer_387,9876568011,Punjab,English
Farmer_388,9876570277,Punjab,Tamil
Farmer_389,9876578309,Punjab,Punjabi
Farmer_390,9876576283,Uttar Pradesh,Tamil
Farmer_391,9876584820,Rajasthan,Tamil
Farmer_392,9876548331,Rajasthan,Hindi
Farmer_393,9876524345,Maharashtra,English
Farmer_394,9876564887,Punjab,Tamil
Farmer_395,9876551954,Uttar Pradesh,Punjabi
Farmer_396,9876576830,Uttar Pradesh,Hindi
Farmer_397,9876578754,Tamil Nadu,Hindi
Farmer_398,9876567967,Maharashtra,English
Farmer_399,9876556154,Rajasthan,Tamil
Farmer_400,9876576548,Rajasthan,Tamil
Farmer_401,9876588136,Rajasthan,Tamil
Farmer_402,9876512524,Rajasthan,Hindi
Farmer_403,9876529301,Maharashtra,Tamil
Farmer_404,9876535565,Uttar Pradesh,Hindi
Farmer_405,9876544437,Uttar Pradesh,Hindi
Farmer_406,9876569014,Rajasthan,Punjabi
Farmer_407,9876561026,Rajasthan,English
Farmer_408,9876562443,Punjab,Tamil
Farmer_409,9876520029,Punjab,English
Farmer_410,9876584797,Tamil Nadu,Hindi
Farmer_411,9876589905,Punjab,Hindi
Farmer_412,9876591766,Rajasthan,Hindi
Farmer_413,9876553537,Uttar Pradesh,Hindi
Farmer_414,9876577694,Maharashtra,Hindi
Farmer_415,9876510338,Tamil Nadu,Tamil
Farmer_416,9876532416,Rajasthan,English
Farmer_417,9876523301,Tamil Nadu,English
Farmer_418,9876542812,Tamil Nadu,Tamil
Farmer_419,9876587272,Maharashtra,Punjabi
Farmer_420,9876561992,Punjab,Tamil
Farmer_421,9876549131,Tamil Nadu,Hindi
Farmer_422,9876538268,Maharashtra,Hindi
Farmer_423,9876515453,Tamil Nadu,Punjabi
Farmer_424,9876567891,Rajasthan,Tamil
Farmer_425,9876547019,Maharashtra,Hindi
Farmer_426,9876528913,Uttar Pradesh,English
Farmer_427,9876544706,Uttar Pradesh,Tamil
Farmer_428,9876519188,Uttar Pradesh,English
Farmer_429,9876535433,Maharashtra,Punjabi
Farmer_430,9876516066,Tamil Nadu,Tamil
Farmer_431,9876531864,Maharashtra,Punjabi
Farmer_432,9876513576,Tamil Nadu,Tamil
Farmer_433,9876564002,Punjab,Punjabi
Farmer_434,9876549194,Tamil Nadu,Punjabi
Farmer_435,9876544836,Uttar Pradesh,Tamil
Farmer_436,9876517969,Tamil Nadu,Tamil
Farmer_437,9876595635,Rajasthan,Tamil
Farmer_438,9876566692,Maharashtra,Punjabi
Farmer_439,9876539396,Rajasthan,Punjabi
Farmer_440,9876556004,Punjab,Hindi
Farmer_441,9876570237,Maharashtra,Tamil
Farmer_442,9876556113,Maharashtra,Punjabi
Farmer_443,9876533359,Uttar Pradesh,Punjabi
Farmer_444,9876566695,Maharashtra,English
Farmer_445,9876579122,Tamil Nadu,Hindi
Farmer_446,9876552667,Uttar Pradesh,Hindi
Farmer_447,9876585121,Tamil Nadu,Hindi
Farmer_448,9876523705,Rajasthan,Punjabi
Farmer_449,9876585601,Punjab,English
Farmer_450,9876516137,Maharashtra,Punjabi
Farmer_451,9876534275,Uttar Pradesh,English
Farmer_452,9876540669,Uttar Pradesh,Punjabi
Farmer_453,9876581134,Uttar Pradesh,Punjabi
Farmer_454,9876510542,Tamil Nadu,Punjabi
Farmer_455,9876566511,Tamil Nadu,Hindi
Farmer_456,9876528497,Uttar Pradesh,Tamil
Farmer_457,9876530400,Uttar Pradesh,Punjabi
Farmer_458,9876596335,Uttar Pradesh,Hindi
Farmer_459,9876577136,Punjab,Punjabi
Farmer_460,9876524631,Uttar Pradesh,Punjabi
Farmer_461,9876562352,Maharashtra,Tamil
Farmer_462,9876528114,Uttar Pradesh,Hindi
Farmer_463,9876529244,Rajasthan,Tamil
Farmer_464,9876548001,Rajasthan,Tamil
Farmer_465,9876577662,Uttar Pradesh,English
Farmer_466,9876573135,Punjab,Hindi
Farmer_467,9876595866,Maharashtra,Tamil
Farmer_468,9876543644,Uttar Pradesh,Tamil
Farmer_469,9876525601,Uttar Pradesh,Tamil
Farmer_470,9876541663,Tamil Nadu,Hindi
Farmer_471,9876550547,Punjab,Tamil
Farmer_472,9876576004,Punjab,Tamil
Farmer_473,9876537642,Maharashtra,Hindi
Farmer_474,9876516860,Tamil Nadu,English
Farmer_475,9876559662,Rajasthan,Punjabi
Farmer_476,9876532536,Maharashtra,English
Farmer_477,9876546903,Uttar Pradesh,Hindi
Farmer_478,9876588424,Rajasthan,Hindi
Farmer_479,9876535252,Punjab,English
Farmer_480,9876597382,Punjab,Hindi
Farmer_481,9876563764,Rajasthan,Punjabi
Farmer_482,9876542390,Punjab,Hindi
Farmer_483,9876525947,Uttar Pradesh,Hindi
Farmer_484,9876527628,Tamil Nadu,English
Farmer_485,9876599110,Maharashtra,English
Farmer_486,9876542044,Maharashtra,Hindi
Farmer_487,9876585639,Maharashtra,English
Farmer_488,9876595483,Rajasthan,Tamil
Farmer_489,9876566645,Punjab,English
Farmer_490,9876525853,Punjab,Punjabi
Farmer_491,9876552965,Rajasthan,Hindi
Farmer_492,9876529994,Punjab,Hindi
Farmer_493,9876526118,Uttar Pradesh,English
Farmer_494,9876529733,Punjab,Punjabi
Farmer_495,9876547999,Maharashtra,Tamil
Farmer_496,9876554884,Uttar Pradesh,Hindi
Farmer_497,9876572235,Tamil Nadu,English
Farmer_498,9876529364,Uttar Pradesh,Tamil
Farmer_499,9876542961,Uttar Pradesh,English
Farmer_500,9876594407,Maharashtra,English
Farmer_501,9876550786,Rajasthan,Hindi
Farmer_502,9876512541,Punjab,English
Farmer_503,9876573421,Rajasthan,Hindi
Farmer_504,9876514909,Tamil Nadu,Hindi
Farmer_505,9876589352,Uttar Pradesh,Hindi
Farmer_506,9876577028,Tamil Nadu,English
Farmer_507,9876596051,Punjab,English
Farmer_508,9876540727,Rajasthan,English
Farmer_509,9876563040,Uttar Pradesh,Hindi
Farmer_510,9876511005,Punjab,Punjabi
Farmer_511,9876540474,Rajasthan,Punjabi
Farmer_512,9876517861,Uttar Pradesh,English
Farmer_513,9876582196,Maharashtra,Punjabi
Farmer_514,9876532817,Rajasthan,Hindi
Farmer_515,9876534310,Punjab,Punjabi
Farmer_516,9876583967,Rajasthan,Punjabi
Farmer_517,9876579777,Tamil Nadu,Punjabi
Farmer_518,9876589739,Uttar Pradesh,English
Farmer_519,9876523143,Punjab,Hindi
Farmer_520,9876553487,Uttar Pradesh,Hindi
Farmer_521,9876523479,Tamil Nadu,Tamil
Farmer_522,9876520709,Maharashtra,Tamil
Farmer_523,9876596420,Uttar Pradesh,English
Farmer_524,9876543433,Punjab,Punjabi
Farmer_525,9876563598,Tamil Nadu,Punjabi
Farmer_526,9876596862,Maharashtra,Punjabi
Farmer_527,9876519895,Tamil Nadu,Punjabi
Farmer_528,9876544521,Tamil Nadu,English
Farmer_529,9876572748,Maharashtra,Punjabi
Farmer_530,9876584116,Punjab,Tamil
Farmer_531,9876534203,Rajasthan,Tamil
Farmer_532,9876585562,Uttar Pradesh,Tamil
Farmer_533,9876593920,Uttar Pradesh,Tamil
Farmer_534,9876547030,Maharashtra,Punjabi
Farmer_535,9876556979,Tamil Nadu,English
Farmer_536,9876540890,Uttar Pradesh,Hindi
Farmer_537,9876518378,Punjab,Tamil
Farmer_538,9876562760,Rajasthan,Punjabi
Farmer_539,9876533730,Uttar Pradesh,Punjabi
Farmer_540,9876576401,Tamil Nadu,Punjabi
Farmer_541,9876526195,Uttar Pradesh,Hindi
Farmer_542,9876546856,Maharashtra,Tamil
Farmer_543,9876585810,Rajasthan,Hindi
Farmer_544,9876595703,Punjab,Hindi
Farmer_545,9876516285,Maharashtra,Hindi
Farmer_546,9876518225,Maharashtra,English
Farmer_547,9876527490,Rajasthan,Punjabi
Farmer_548,9876536186,Rajasthan,Hindi
Farmer_549,9876566863,Tamil Nadu,Hindi
Farmer_550,9876555977,Rajasthan,English
Farmer_551,9876510677,Tamil Nadu,English
Farmer_552,9876563905,Rajasthan,Tamil
Farmer_553,9876575339,Rajasthan,Punjabi
Farmer_554,9876570345,Punjab,Hindi
Farmer_555,9876569746,Uttar Pradesh,Hindi
Farmer_556,9876580974,Uttar Pradesh,Hindi
Farmer_557,9876523310,Maharashtra,English
Farmer_558,9876555385,Uttar Pradesh,English
Farmer_559,9876544326,Rajasthan,Hindi
Farmer_560,9876542331,Tamil Nadu,Tamil
Farmer_561,9876519516,Tamil Nadu,English
Farmer_562,9876516365,Punjab,Hindi
Farmer_563,9876554571,Rajasthan,Tamil
Farmer_564,9876514663,Rajasthan,Hindi
Farmer_565,9876563415,Punjab,English
Farmer_566,9876531036,Tamil Nadu,Punjabi
Farmer_567,9876568392,Uttar Pradesh,Tamil
Farmer_568,9876515040,Rajasthan,English
Farmer_569,9876533857,Tamil Nadu,Tamil
Farmer_570,9876569739,Punjab,English
Farmer_571,9876566390,Rajasthan,Punjabi
Farmer_572,9876544673,Maharashtra,Hindi
Farmer_573,9876514225,Tamil Nadu,Hindi
Farmer_574,9876560363,Punjab,Tamil
Farmer_575,9876520850,Maharashtra,Hindi
Farmer_576,9876546231,Rajasthan,English
Farmer_577,9876577076,Punjab,Tamil
Farmer_578,9876544093,Tamil Nadu,Tamil
Farmer_579,9876559920,Maharashtra,English
Farmer_580,9876539439,Maharashtra,Tamil
Farmer_581,9876513943,Uttar Pradesh,English
Farmer_582,9876549975,Tamil Nadu,English
Farmer_583,9876569385,Tamil Nadu,Tamil
Farmer_584,9876539713,Tamil Nadu,Tamil
Farmer_585,9876567927,Rajasthan,English
Farmer_586,9876548155,Tamil Nadu,Punjabi
Farmer_587,9876537348,Tamil Nadu,English
Farmer_588,9876583441,Uttar Pradesh,Punjabi
Farmer_589,9876565203,Tamil Nadu,English
Farmer_590,9876537484,Punjab,Hindi
Farmer_591,9876597618,Punjab,English
Farmer_592,9876518369,Punjab,Hindi
Farmer_593,9876594509,Tamil Nadu,Tamil
Farmer_594,9876546824,Tamil Nadu,Tamil
Farmer_595,9876584202,Uttar Pradesh,English
Farmer_596,9876523125,Maharashtra,Punjabi
Farmer_597,9876581776,Maharashtra,Punjabi
Farmer_598,9876528117,Punjab,Hindi
Farmer_599,9876591576,Tamil Nadu,Punjabi
Farmer_600,9876510114,Punjab,English
Farmer_601,9876536071,Rajasthan,Punjabi
Farmer_602,9876531970,Punjab,Hindi
Farmer_603,9876518351,Tamil Nadu,English
Farmer_604,9876514274,Punjab,English
Farmer_605,9876526488,Punjab,Hindi
Farmer_606,9876592465,Maharashtra,Tamil
Farmer_607,9876583698,Maharashtra,Punjabi
Farmer_608,9876588557,Tamil Nadu,English
Farmer_609,9876580146,Rajasthan,English
Farmer_610,9876581183,Punjab,Punjabi
Farmer_611,9876552787,Punjab,English
Farmer_612,9876573480,Maharashtra,Tamil
Farmer_613,9876536970,Rajasthan,Tamil
Farmer_614,9876559586,Uttar Pradesh,Tamil
Farmer_615,9876592937,Tamil Nadu,Punjabi
Farmer_616,9876585555,Maharashtra,Hindi
Farmer_617,9876520396,Uttar Pradesh,English
Farmer_618,9876520101,Punjab,Tamil
Farmer_619,9876568616,Uttar Pradesh,Tamil
Farmer_620,9876592382,Tamil Nadu,English
Farmer_621,9876591608,Uttar Pradesh,Hindi
Farmer_622,9876583870,Tamil Nadu,Hindi
Farmer_623,9876533606,Tamil Nadu,English
Farmer_624,9876514441,Rajasthan,Tamil
Farmer_625,9876552287,Maharashtra,Hindi
Farmer_626,9876574249,Punjab,Tamil
Farmer_627,9876592273,Uttar Pradesh,English
Farmer_628,9876540575,Tamil Nadu,English
Farmer_629,9876512776,Punjab,Tamil
Farmer_630,9876595989,Rajasthan,Punjabi
Farmer_631,9876527744,Uttar Pradesh,Hindi
Farmer_632,9876539426,Punjab,Tamil
Farmer_633,9876528031,Uttar Pradesh,Hindi
Farmer_634,9876572354,Rajasthan,Tamil
Farmer_635,9876565598,Tamil Nadu,Punjabi
Farmer_636,9876573480,Maharashtra,Tamil
Farmer_637,9876575233,Tamil Nadu,Punjabi
Farmer_638,9876584554,Rajasthan,English
Farmer_639,9876592187,Tamil Nadu,Hindi
Farmer_640,9876582543,Maharashtra,English
Farmer_641,9876548538,Punjab,Tamil
Farmer_642,9876589513,Rajasthan,Tamil
Farmer_643,9876525314,Maharashtra,Tamil
Farmer_644,9876545419,Tamil Nadu,Punjabi
Farmer_645,9876590648,Uttar Pradesh,English
Farmer_646,9876552915,Tamil Nadu,English
Farmer_647,9876563981,Uttar Pradesh,Hindi
Farmer_648,9876585011,Uttar Pradesh,English
Farmer_649,9876593130,Tamil Nadu,Punjabi
Farmer_650,9876589370,Uttar Pradesh,Punjabi
Farmer_651,9876530387,Maharashtra,Tamil
Farmer_652,9876584713,Uttar Pradesh,Punjabi
Farmer_653,9876537495,Maharashtra,English
Farmer_654,9876545785,Tamil Nadu,English
Farmer_655,9876580989,Punjab,English
Farmer_656,9876592926,Rajasthan,English
Farmer_657,9876572143,Tamil Nadu,Punjabi
Farmer_658,9876552677,Maharashtra,Tamil
Farmer_659,9876575173,Maharashtra,Hindi
Farmer_660,9876536892,Uttar Pradesh,Tamil
Farmer_661,9876573765,Punjab,English
Farmer_662,9876547778,Maharashtra,Hindi
Farmer_663,9876561753,Uttar Pradesh,English
Farmer_664,9876569768,Rajasthan,English
Farmer_665,9876542620,Punjab,Hindi
Farmer_666,9876520108,Uttar Pradesh,English
Farmer_667,9876555359,Punjab,Punjabi
Farmer_668,9876521999,Punjab,Tamil
Farmer_669,9876555508,Punjab,Hindi
Farmer_670,9876529612,Tamil Nadu,English
Farmer_671,9876593630,Uttar Pradesh,Punjabi
Farmer_672,9876581705,Rajasthan,Tamil
Farmer_673,9876511507,Punjab,Tamil
Farmer_674,9876526083,Maharashtra,Punjabi
Farmer_675,9876598401,Maharashtra,Punjabi
Farmer_676,9876525691,Uttar Pradesh,Hindi
Farmer_677,9876512386,Rajasthan,Hindi
Farmer_678,9876561929,Uttar Pradesh,Hindi
Farmer_679,9876588227,Uttar Pradesh,Punjabi
Farmer_680,9876590378,Maharashtra,Tamil
Farmer_681,9876553611,Rajasthan,Hindi
Farmer_682,9876585441,Punjab,Tamil
Farmer_683,9876559560,Maharashtra,Tamil
Farmer_684,9876568727,Punjab,Punjabi
Farmer_685,9876557958,Tamil Nadu,Punjabi
Farmer_686,9876596986,Tamil Nadu,English
Farmer_687,9876535064,Tamil Nadu,Punjabi
Farmer_688,9876533664,Uttar Pradesh,Tamil
Farmer_689,9876541649,Tamil Nadu,Tamil
Farmer_690,9876555206,Rajasthan,Hindi
Farmer_691,9876558632,Uttar Pradesh,Hindi
Farmer_692,9876579636,Maharashtra,Punjabi
Farmer_693,9876542891,Rajasthan,English
Farmer_694,9876597907,Maharashtra,Hindi
Farmer_695,9876582134,Tamil Nadu,Tamil
Farmer_696,9876572345,Punjab,English
Farmer_697,9876598515,Uttar Pradesh,Punjabi
Farmer_698,9876510468,Tamil Nadu,Hindi
Farmer_699,9876519065,Tamil Nadu,Punjabi
Farmer_700,9876590077,Rajasthan,Tamil
Farmer_701,9876541054,Maharashtra,Tamil
Farmer_702,9876535667,Punjab,Tamil
Farmer_703,9876536666,Maharashtra,Tamil
Farmer_704,9876518757,Tamil Nadu,English
Farmer_705,9876526831,Maharashtra,English
Farmer_706,9876535950,Maharashtra,Hindi
Farmer_707,9876572871,Maharashtra,Hindi
Farmer_708,9876534988,Uttar Pradesh,English
Farmer_709,9876569270,Rajasthan,Hindi
Farmer_710,9876513583,Maharashtra,Tamil
Farmer_711,9876550575,Punjab,Tamil
Farmer_712,9876596780,Rajasthan,English
Farmer_713,9876537855,Uttar Pradesh,Hindi
Farmer_714,9876556395,Rajasthan,Tamil
Farmer_715,9876542509,Tamil Nadu,English
Farmer_716,9876527789,Uttar Pradesh,Tamil
Farmer_717,9876588449,Maharashtra,English
Farmer_718,9876514481,Uttar Pradesh,Punjabi
Farmer_719,9876570580,Tamil Nadu,Tamil
Farmer_720,9876592364,Rajasthan,Punjabi
Farmer_721,9876520670,Punjab,Hindi
Farmer_722,9876514283,Tamil Nadu,English
Farmer_723,9876553614,Maharashtra,Punjabi
Farmer_724,9876596263,Uttar Pradesh,Hindi
Farmer_725,9876567681,Punjab,Hindi
Farmer_726,9876539452,Tamil Nadu,English
Farmer_727,9876540974,Tamil Nadu,Punjabi
Farmer_728,9876563562,Tamil Nadu,Tamil
Farmer_729,9876577219,Uttar Pradesh,Tamil
Farmer_730,9876541592,Tamil Nadu,English
Farmer_731,9876578672,Rajasthan,English
Farmer_732,9876570046,Maharashtra,Tamil
Farmer_733,9876541343,Maharashtra,Tamil
Farmer_734,9876575682,Maharashtra,Tamil
Farmer_735,9876520076,Punjab,Tamil
Farmer_736,9876556988,Punjab,Punjabi
Farmer_737,9876519082,Rajasthan,Tamil
Farmer_738,9876569809,Uttar Pradesh,English
Farmer_739,9876552343,Maharashtra,Tamil
Farmer_740,9876536460,Punjab,English
Farmer_741,9876585995,Punjab,English
Farmer_742,9876562404,Uttar Pradesh,Tamil
Farmer_743,9876522977,Tamil Nadu,Punjabi
Farmer_744,9876538602,Punjab,Tamil
Farmer_745,9876574431,Punjab,Hindi
Farmer_746,9876521449,Uttar Pradesh,English
Farmer_747,9876515371,Tamil Nadu,Tamil
Farmer_748,9876562684,Maharashtra,Hindi
Farmer_749,9876573695,Rajasthan,Tamil
Farmer_750,9876551909,Rajasthan,Hindi
Farmer_751,9876540071,Rajasthan,Hindi
Farmer_752,9876579072,Punjab,English
Farmer_753,9876538735,Maharashtra,English
Farmer_754,9876512240,Punjab,English
Farmer_755,9876543834,Punjab,Tamil
Farmer_756,9876569812,Rajasthan,Hindi
Farmer_757,9876520894,Punjab,English
Farmer_758,9876538069,Punjab,Tamil
Farmer_759,9876581097,Punjab,Punjabi
Farmer_760,9876569861,Uttar Pradesh,Hindi
Farmer_761,9876577068,Punjab,Tamil
Farmer_762,9876547758,Uttar Pradesh,English
Farmer_763,9876546739,Rajasthan,English
Farmer_764,9876560233,Tamil Nadu,English
Farmer_765,9876542322,Uttar Pradesh,Tamil
Farmer_766,9876585294,Rajasthan,Tamil
Farmer_767,9876517708,Tamil Nadu,Hindi
Farmer_768,9876567957,Rajasthan,English
Farmer_769,9876512805,Uttar Pradesh,English
Farmer_770,9876537866,Uttar Pradesh,Tamil
Farmer_771,9876588323,Punjab,English
Farmer_772,9876512619,Uttar Pradesh,Tamil
Farmer_773,9876557539,Punjab,English
Farmer_774,9876532765,Maharashtra,Hindi
Farmer_775,9876533230,Rajasthan,Hindi
Farmer_776,9876561867,Uttar Pradesh,Punjabi
Farmer_777,9876516756,Rajasthan,Tamil
Farmer_778,9876560954,Tamil Nadu,English
Farmer_779,9876526447,Punjab,Punjabi
Farmer_780,9876522259,Uttar Pradesh,Hindi
Farmer_781,9876584810,Rajasthan,Punjabi
Farmer_782,9876533909,Maharashtra,Tamil
Farmer_783,9876555388,Tamil Nadu,Tamil
Farmer_784,9876548062,Maharashtra,Tamil
Farmer_785,9876517533,Rajasthan,Tamil
Farmer_786,9876519740,Rajasthan,Tamil
Farmer_787,9876529143,Rajasthan,Tamil
Farmer_788,9876560704,Rajasthan,Tamil
Farmer_789,9876592516,Maharashtra,Tamil
Farmer_790,9876569483,Tamil Nadu,English
Farmer_791,9876539553,Uttar Pradesh,English
Farmer_792,9876548127,Maharashtra,Punjabi
Farmer_793,9876544885,Punjab,Punjabi
Farmer_794,9876571456,Rajasthan,Punjabi
Farmer_795,9876557794,Uttar Pradesh,Tamil
Farmer_796,9876577481,Uttar Pradesh,Hindi
Farmer_797,9876531901,Maharashtra,English
Farmer_798,9876587538,Rajasthan,English
Farmer_799,9876522568,Rajasthan,Hindi
Farmer_800,9876523624,Punjab,Tamil
Farmer_801,9876518876,Uttar Pradesh,Punjabi
Farmer_802,9876512437,Punjab,Hindi
Farmer_803,9876576570,Uttar Pradesh,Hindi
Farmer_804,9876546450,Uttar Pradesh,Punjabi
Farmer_805,9876596603,Punjab,Hindi
Farmer_806,9876568472,Maharashtra,English
Farmer_807,9876563768,Tamil Nadu,Tamil
Farmer_808,9876565472,Tamil Nadu,Hindi
Farmer_809,9876530687,Maharashtra,Hindi
Farmer_810,9876527198,Rajasthan,Tamil
Farmer_811,9876549124,Tamil Nadu,Hindi
Farmer_812,9876586662,Uttar Pradesh,Hindi
Farmer_813,9876560903,Maharashtra,Hindi
Farmer_814,9876526473,Rajasthan,Punjabi
Farmer_815,9876587561,Maharashtra,Tamil
Farmer_816,9876563405,Tamil Nadu,Hindi
Farmer_817,9876531028,Tamil Nadu,English
Farmer_818,9876557737,Maharashtra,Hindi
Farmer_819,9876564576,Rajasthan,Punjabi
Farmer_820,9876527913,Punjab,Hindi
Farmer_821,9876543552,Maharashtra,English
Farmer_822,9876516240,Uttar Pradesh,Tamil
Farmer_823,9876572540,Tamil Nadu,Hindi
Farmer_824,9876543666,Uttar Pradesh,Hindi
Farmer_825,9876586792,Maharashtra,English
Farmer_826,9876557128,Rajasthan,English
Farmer_827,9876564082,Maharashtra,Punjabi
Farmer_828,9876514997,Punjab,Hindi
Farmer_829,9876583344,Maharashtra,Tamil
Farmer_830,9876590183,Uttar Pradesh,Tamil
Farmer_831,9876598718,Punjab,Tamil
Farmer_832,9876562300,Maharashtra,English
Farmer_833,9876595943,Tamil Nadu,Hindi
Farmer_834,9876531831,Rajasthan,Hindi
Farmer_835,9876524564,Maharashtra,Hindi
Farmer_836,9876511741,Maharashtra,Tamil
Farmer_837,9876567957,Tamil Nadu,Punjabi
Farmer_838,9876585145,Tamil Nadu,Punjabi
Farmer_839,9876580197,Maharashtra,English
Farmer_840,9876594054,Rajasthan,Tamil
Farmer_841,9876562161,Uttar Pradesh,English
Farmer_842,9876512888,Maharashtra,Hindi
Farmer_843,9876543047,Rajasthan,English
Farmer_844,9876542622,Tamil Nadu,Tamil
Farmer_845,9876589688,Maharashtra,English
Farmer_846,9876583085,Tamil Nadu,Punjabi
Farmer_847,9876513360,Punjab,Tamil
Farmer_848,9876560209,Maharashtra,Hindi
Farmer_849,9876525206,Punjab,Tamil
Farmer_850,9876562985,Maharashtra,Punjabi
Farmer_851,9876533063,Tamil Nadu,English
Farmer_852,9876566166,Rajasthan,English
Farmer_853,9876559312,Punjab,Tamil
Farmer_854,9876524242,Uttar Pradesh,Punjabi
Farmer_855,9876557411,Maharashtra,English
Farmer_856,9876598553,Tamil Nadu,English
Farmer_857,9876513199,Tamil Nadu,English
Farmer_858,9876570499,Uttar Pradesh,English
Farmer_859,9876561768,Rajasthan,Punjabi
Farmer_860,9876577847,Punjab,Hindi
Farmer_861,9876565077,Rajasthan,English
Farmer_862,9876550805,Maharashtra,Hindi
Farmer_863,9876562484,Tamil Nadu,English
Farmer_864,9876518671,Maharashtra,Tamil
Farmer_865,9876588474,Tamil Nadu,Hindi
Farmer_866,9876543388,Rajasthan,English
Farmer_867,9876534567,Uttar Pradesh,English
Farmer_868,9876522166,Tamil Nadu,Hindi
Farmer_869,9876588550,Punjab,English
Farmer_870,9876567963,Uttar Pradesh,Hindi
Farmer_871,9876566278,Uttar Pradesh,English
Farmer_872,9876515699,Tamil Nadu,Punjabi
Farmer_873,9876572753,Punjab,Tamil
Farmer_874,9876528016,Punjab,English
Farmer_875,9876523375,Punjab,English
Farmer_876,9876551217,Punjab,Hindi
Farmer_877,9876580387,Uttar Pradesh,Tamil
Farmer_878,9876595390,Tamil Nadu,Hindi
Farmer_879,9876587810,Maharashtra,Tamil
Farmer_880,9876554125,Uttar Pradesh,English
Farmer_881,9876525258,Uttar Pradesh,Hindi
Farmer_882,9876587162,Punjab,English
Farmer_883,9876553834,Punjab,English
Farmer_884,9876589285,Uttar Pradesh,Punjabi
Farmer_885,9876587232,Tamil Nadu,Punjabi
Farmer_886,9876528656,Rajasthan,Punjabi
Farmer_887,9876562856,Rajasthan,Punjabi
Farmer_888,9876555904,Uttar Pradesh,Punjabi
Farmer_889,9876561423,Tamil Nadu,Punjabi
Farmer_890,9876568768,Punjab,Hindi
Farmer_891,9876595912,Rajasthan,Punjabi
Farmer_892,9876519343,Maharashtra,Hindi
Farmer_893,9876575980,Tamil Nadu,Tamil
Farmer_894,9876584314,Maharashtra,English
Farmer_895,9876580206,Tamil Nadu,Hindi
Farmer_896,9876528749,Maharashtra,Tamil
Farmer_897,9876522741,Rajasthan,Hindi
Farmer_898,9876555491,Tamil Nadu,Tamil
Farmer_899,9876594435,Tamil Nadu,Hindi
Farmer_900,9876531150,Tamil Nadu,Hindi
Farmer_901,9876564934,Punjab,Tamil
Farmer_902,9876594958,Rajasthan,Hindi
Farmer_903,9876562436,Punjab,Tamil
Farmer_904,9876557912,Maharashtra,Hindi
Farmer_905,9876562198,Maharashtra,English
Farmer_906,9876579742,Punjab,Tamil
Farmer_907,9876557643,Punjab,Punjabi
Farmer_908,9876583305,Tamil Nadu,Punjabi
Farmer_909,9876521439,Maharashtra,Punjabi
Farmer_910,9876510015,Tamil Nadu,Punjabi
Farmer_911,9876548116,Tamil Nadu,Punjabi
Farmer_912,9876562673,Uttar Pradesh,Hindi
Farmer_913,9876569826,Maharashtra,Tamil
Farmer_914,9876529223,Maharashtra,Punjabi
Farmer_915,9876576712,Uttar Pradesh,Tamil
Farmer_916,9876583782,Rajasthan,English
Farmer_917,9876564625,Uttar Pradesh,Tamil
Farmer_918,9876592846,Uttar Pradesh,Tamil
Farmer_919,9876527864,Tamil Nadu,Hindi
Farmer_920,9876566600,Maharashtra,Hindi
Farmer_921,9876540140,Uttar Pradesh,Hindi
Farmer_922,9876525194,Uttar Pradesh,Tamil
Farmer_923,9876574111,Rajasthan,Hindi
Farmer_924,9876539542,Maharashtra,Punjabi
Farmer_925,9876543901,Maharashtra,Punjabi
Farmer_926,9876546233,Rajasthan,Punjabi
Farmer_927,9876566858,Rajasthan,English
Farmer_928,9876512916,Uttar Pradesh,English
Farmer_929,9876514922,Punjab,Hindi
Farmer_930,9876530584,Punjab,Hindi
Farmer_931,9876588443,Maharashtra,English
Farmer_932,9876531924,Tamil Nadu,English
Farmer_933,9876525287,Punjab,English
Farmer_934,9876558587,Punjab,English
Farmer_935,9876577742,Tamil Nadu,Hindi
Farmer_936,9876554877,Punjab,English
Farmer_937,9876514923,Maharashtra,Hindi
Farmer_938,9876547696,Tamil Nadu,Tamil
Farmer_939,9876546113,Uttar Pradesh,Punjabi
Farmer_940,9876515421,Rajasthan,Hindi
Farmer_941,9876516218,Maharashtra,Tamil
Farmer_942,9876584853,Punjab,Tamil
Farmer_943,9876545951,Tamil Nadu,Punjabi
Farmer_944,9876598706,Uttar Pradesh,Hindi
Farmer_945,9876597051,Punjab,Punjabi
Farmer_946,9876570681,Uttar Pradesh,English
Farmer_947,9876555840,Uttar Pradesh,English
Farmer_948,9876551534,Rajasthan,Punjabi
Farmer_949,9876583684,Punjab,Punjabi
Farmer_950,9876586603,Punjab,Punjabi
Farmer_951,9876533578,Tamil Nadu,Hindi
Farmer_952,9876536169,Uttar Pradesh,Punjabi
Farmer_953,9876532943,Punjab,Hindi
Farmer_954,9876526176,Punjab,Tamil
Farmer_955,9876579946,Uttar Pradesh,English
Farmer_956,9876591521,Tamil Nadu,Punjabi
Farmer_957,9876527820,Uttar Pradesh,Hindi
Farmer_958,9876565053,Punjab,Hindi
Farmer_959,9876594750,Rajasthan,English
Farmer_960,9876550384,Tamil Nadu,Hindi
Farmer_961,9876596708,Rajasthan,English
Farmer_962,9876556208,Tamil Nadu,Tamil
Farmer_963,9876532454,Tamil Nadu,Punjabi
Farmer_964,9876565953,Maharashtra,Hindi
Farmer_965,9876518927,Punjab,Punjabi
Farmer_966,9876580250,Punjab,Tamil
Farmer_967,9876573043,Tamil Nadu,Tamil
Farmer_968,9876590039,Maharashtra,Punjabi
Farmer_969,9876595689,Tamil Nadu,Punjabi
Farmer_970,9876577708,Maharashtra,Punjabi
Farmer_971,9876524961,Uttar Pradesh,Hindi
Farmer_972,9876545791,Punjab,English
Farmer_973,9876518273,Uttar Pradesh,Punjabi
Farmer_974,9876531838,Rajasthan,Hindi
Farmer_975,9876516251,Punjab,English
Farmer_976,9876516945,Tamil Nadu,Hindi
Farmer_977,9876563702,Uttar Pradesh,Hindi
Farmer_978,9876537828,Rajasthan,Hindi
Farmer_979,9876567277,Maharashtra,English
Farmer_980,9876558860,Tamil Nadu,Hindi
Farmer_981,9876542044,Uttar Pradesh,Hindi
Farmer_982,9876583789,Maharashtra,Punjabi
Farmer_983,9876564832,Maharashtra,English
Farmer_984,9876599932,Punjab,English
Farmer_985,9876593110,Maharashtra,Hindi
Farmer_986,9876517921,Punjab,Punjabi
Farmer_987,9876574395,Uttar Pradesh,Hindi
Farmer_988,9876581178,Maharashtra,Punjabi
Farmer_989,9876585663,Uttar Pradesh,Punjabi
Farmer_990,9876535051,Tamil Nadu,English
Farmer_991,9876526340,Tamil Nadu,English
Farmer_992,9876579242,Rajasthan,Punjabi
Farmer_993,9876538861,Tamil Nadu,Hindi
Farmer_994,9876574046,Uttar Pradesh,Hindi
Farmer_995,9876545440,Tamil Nadu,Tamil
Farmer_996,9876548265,Rajasthan,Hindi
Farmer_997,9876576599,Maharashtra,Tamil
Farmer_998,9876556996,Rajasthan,Punjabi
Farmer_999,9876551639,Punjab,Tamil
Farmer_1000,9876546115,Rajasthan,English
